korean,preferred_vi,preferred_en,preferred_zh,preferred_th,preferred_ms,preferred_mn,preferred_ru,preferred_ja,role,note
앞치마,tạp dề,Apron,围裙,ผ้ากันเปื้อน,apron,хормогч,фартук,エプロン,item,유치원 요리/김장 활동 준비물
머릿수건,khăn trùm đầu,Bandana,头巾,ผ้าโพกหัว,kain penutup kepala,толгойны алчуур,косынка,三角巾,item,유치원 요리/김장 활동 준비물
체험학습,buổi trải nghiệm,Field trip,校外体验活动,กิจกรรมเรียนรู้นอกห้องเรียน,aktiviti pembelajaran luar kelas,танин мэдэхүйн аялал,учебная экскурсия,体験学習,item,학교 체험 활동
현장체험학습,buổi trải nghiệm thực tế,Field trip,户外体验活动,ทัศนศึกษานอกสถานที่,lawatan sambil belajar di luar sekolah,сургалтын аялал,выездная экскурсия,校外学習,item,학교 밖 체험학습
원복,đồng phục trường,Preschool uniform,园服,ชุดอนุบาล,uniform tadika,цэцэрлэгийн дүрэмт хувцас,форма садика,園服,item,유치원 지정 복장
도화지,giấy vẽ,Drawing paper,画纸,กระดาษวาดเขียน,kertas lukisan,зургийн цаас,бумага для рисования,画用紙,item,미술 준비물
색칠 도구,đồ dùng tô màu,Coloring tools,涂色工具,อุปกรณ์ระบายสี,alat mewarna,будах хэрэгсэл,всё для раскрашивания,お絵描きセット,item,미술 준비물
정서행동 검사,kiểm tra tâm lý và hành vi,Emotional & behavioral screening,心理情绪检查,แบบประเมินพฤติกรรมและอารมณ์,ujian emosi dan tingkah laku,сэтгэл зүйн сорил,тест на эмоциональное состояние,情緒・行動チェック,item,학생 검사
돌봄교실,lớp chăm sóc trẻ,After-school care,托管班,ห้องเรียนดูแลเด็กหลังเลิกเรียน,kelas jagaan,өдөр өнжүүлэх анги,продленка,学童保育,item,초등 돌봄
방과후학교,lớp học sau giờ học,After-school programs,课后班,กิจกรรมหลังเลิกเรียน,program selepas sekolah,хичээлээс гадуурх дугуйлан,занятия после школы,放課後教室,item,방과후 프로그램
하원,đón trẻ về,Pick-up,放学,กลับบ้านจากศูนย์เด็กเล็ก,pulang dari tadika,цэцэрлэгээс гэртээ харих,уход домой из детского сада,降園,item,유치원 귀가
등원,đưa trẻ đến trường,Drop-off,上学,ไปศูนย์เด็กเล็ก,hadir ke tadika,цэцэрлэгт ирэх,приход в садик,登園,item,유치원 등교
가정통신문,thông báo gửi gia đình,School notice to parents,家长通知书,จดหมายแจ้งจากโรงเรียน,surat makluman,мэдэгдэх хуудас,информационное письмо для родителей,お便り,item,기타
알림장,sổ liên lạc,Notice book,联络簿,สมุดติดต่อผู้ปกครอง,buku makluman,мэдэгдэл,дневник,連絡帳,item,기타
공지사항,thông báo,Announcements,公告事项,ประกาศแจ้งให้ทราบ,pengumuman,зарлал,важные объявления,お知らせ,item,기타
동의서,giấy đồng ý,Consent form,同意书,ใบยินยอม,borang izin,зөвшөөрлийн хуудас,согласие,同意書,item,제출 서류
신청서,đơn đăng ký,Application form,申请表,ใบสมัคร,borang permohonan,хүсэлт,заявление,申し込み書,item,제출 서류
조사서,phiếu khảo sát,Survey form,调查表,แบบสอบถามข้อมูล,borang kaji selidik,судалгаа,анкета,調査票,item,제출 서류
확인서,giấy xác nhận,Confirmation form,确认书,ใบยืนยัน,borang pengesahan,тодорхойлолт,справка,確認書,item,제출 서류
안내문,thông báo,Notice,通知说明,เอกสารแจ้งรายละเอียด,surat panduan,зааварчилгаа,памятка,ご案内,item,기타
회신,gửi phản hồi,Reply,回执,การตอบกลับ,hantar balasan,хариу илгээх,ответ,お返事,item,제출
제출,nộp,Submit,交回,การส่งเอกสาร,hantar,хураалгах,сдача,提出,item,행동 동사
서명,ký tên,Signature,签名,เซ็นชื่อ,tandatangan,гарын үсэг,подпись,署名,item,행동 동사
참가 여부,việc có tham gia hay không,Participation status,是否参加,การยืนยันเข้าร่วมหรือไม่เข้าร่วม,penyertaan,оролцох эсэх,участие,出欠,item,제출
불참,không tham gia,Unable to attend,不参加,ไม่เข้าร่วม,tidak hadir,оролцохгүй,неучастие,欠席,item,제출
기한,thời hạn,Due date,截止时间,กำหนดส่ง,tempoh masa,хугацаа,срок,期限,item,일정
마감일,hạn chót,Deadline,截止日期,วันสุดท้าย,tarikh tutup,дуусах хугацаа,последний день сдачи,締め切り日,item,일정
준비물,đồ dùng cần chuẩn bị,Things to bring,准备物品,สิ่งที่ต้องเตรียมมา,barang yang perlu dibawa,бэлдэх зүйлс,что нужно принести,持ち物,item,준비물 범주
실내화,dép đi trong nhà,Indoor shoes,室内鞋,รองเท้าสำหรับใส่ในอาคาร,kasut dalam bangunan,дотор өмсөх шаахай,сменная обувь,上履き,item,준비물
체육복,đồ thể dục,Gym clothes,运动服,ชุดพละ,baju sukan,биеийн тамирын хувцас,спортивная форма,体操服,item,준비물
여벌옷,quần áo dự phòng,Extra set of clothes,备用衣服,ชุดสำรองสำหรับเปลี่ยน,baju salin,солих хувцас,сменная одежда,着替え,item,준비물
개인 물병,bình nước cá nhân,Water bottle,个人水壶,กระติกน้ำส่วนตัว,botol air sendiri,хувийн усны сав,личная бутылочка для воды,水筒,item,준비물
도시락,cơm hộp,Lunch box,便当,ข้าวกล่อง,bekal makanan,бэлдсэн хоол,ланч-бокс,お弁当,item,준비물
간식,đồ ăn nhẹ,Snack,点心,ขนม,snek,хөнгөн зууш,перекус,おやつ,item,준비물/비용
간식비,tiền ăn nhẹ,Snack fee,点心费,ค่าขนม,duit snek,зуушны мөнгө,оплата за перекус,おやつ代,item,비용
돗자리,thảm ngồi,Picnic mat,野餐垫,เสื่อ,tikar,дэвсгер,коврик для пикника,レジャーシート,item,준비물
색종이,giấy màu,Colored paper,折纸,กระดาษสี,kertas warna,өнгөт цаас,цветная бумага,折り紙,item,준비물
가위,kéo,Scissors,剪刀,กรรไกร,gunting,хайч,ножницы,はさみ,item,준비물
크레파스,bút màu sáp,Crayons,蜡笔,สีเทียน,krayon,тосон харандаа,мелки,クレヨン,item,준비물
네임펜,bút dạ viết tên,Permanent marker,姓名笔,ปากกาเขียนชื่อ,pen penanda,нэр бичдэг маркер,перманентный маркер,お名前ペン,item,준비물
스쿨뱅킹,School Banking,School Banking,School Banking（学校自动扣款服务）,School Banking,School Banking,School Banking,School Banking,スクールバンキング,item,납부 방식
납부,nộp tiền,Payment,缴纳费用,การชำระเงิน,bayaran,төлбөр төлөх,оплата,お支払い,item,비용 행동
자동이체,trừ tiền tự động,Auto-pay,自动转账,การหักบัญชีอัตโนมัติ,potongan automatik,автомат шилжүүлэг,автоплатеж,引き落とし,item,비용 행동
교육비,tiền học phí,Tuition,教育费,ค่าเล่าเรียน,yuran sekolah,сургалтын төлбөр,плата за обучение,教育費,item,비용
급식비,tiền ăn ở trường,Lunch fee,伙食费,ค่าอาหารกลางวัน,yuran makan,хоолны мөнгө,плата за питание,給食費,item,비용
체험학습비,phí trải nghiệm,Field trip fee,校外活动费,ค่ากิจกรรมทัศนศึกษา,yuran lawatan,аяллын зардал,оплата за экскурсию,体験学習費,item,비용
등교,đi học,Coming to school,上学,การไปโรงเรียน,datang ke sekolah,хичээлд ирэх,приход в школу,登校,item,초등학교 등교
하교,tan học,Going home,放学,กลับบ้านจากโรงเรียน,balik dari sekolah,хичээл тарах,уход из школы,下校,item,초등학교 하교
결석,nghỉ học,Absence,缺席,การขาดเรียน,tidak hadir,таслах,пропуск занятий,欠席,item,출결
지각,đi muộn,Late,迟到,การมาสาย,datang lewat,хоцрох,опоздание,遅刻,item,출결
조퇴,về sớm,Early dismissal,早退,การขอกลับก่อนเวลา,balik awal,эрт харих,уход пораньше,早退,item,출결
전학,chuyển trường,Transferring schools,转学,การย้ายโรงเรียน,pindah sekolah,сургууль шилжих,переход в другую школу,転校,item,출결/학적
출석인정,được tính là có mặt,Recognized attendance,视为出席,นับว่าเข้าเรียน,dikira hadir,ирцэд тооцох,считается присутствующим,出席として認める,item,출결
출결,tình trạng chuyên cần,Attendance,出勤情况,การมาเรียน,rekod kehadiran,ирц,посещаемость,出欠,item,출결
담임교사,giáo viên chủ nhiệm,Homeroom teacher,班主任老师,คุณครูประจำชั้น,guru kelas,анги даасан багш,классный руководитель,担任の先生,recipient,학교 담당자
원장,hiệu trưởng,Director,园长,ผู้อำนวยการโรงเรียนอนุบาล,pengarah tadika,эрхлэгч,директор детского сада,園長先生,item,유치원 담당자
교무실,phòng giáo vụ,School office,教务处,ห้องพักครู,bilik guru,багш нарын өрөө,учительская,職員室,item,학교 부서
행정실,phòng hành chính,Admin office,行政室,ห้องธุรการ,pejabat,захиргааны өрөө,администрация,事務室,item,학교 부서
상담,trao đổi với giáo viên,Consultation,面谈咨询,การปรึกษา,sesi berjumpa guru,зөвлөгөө,консультация,面談,item,상담
학부모 상담,buổi trao đổi giữa phụ huynh và giáo viên,Parent-teacher conference,家长面谈,การพบครูของผู้ปกครอง,perjumpaan ibu bapa,эцэг эхийн зөвлөгөө,беседа с родителями,保護者面談,item,상담
공개수업,tiết học dự giờ,Open house class,公开课,การเปิดห้องเรียนให้เข้าชม,kelas terbuka,нээлттэй хичээл,открытый урок,授業参観,item,일정
학부모 총회,họp phụ huynh đầu năm,General parent meeting,家长会,งานประชุมผู้ปกครอง,mesyuarat ibu bapa,эцэг эхийн хурал,родительское собрание,保護者会,item,일정
운동회,hội thao,Field day,运动会,งานกีฬาสี,hari sukan,спортын өдөрлөг,спортивный праздник,運動会,item,행사
학예회,buổi biểu diễn văn nghệ,Talent show,才艺表演,งานแสดงผลงานนักเรียน,hari persembahan,урлагийн наадам,школьный фестиваль,学習発表会,item,행사
소풍,đi dã ngoại,School picnic,郊游,การไปทัศนศึกษา,berkelah,салхинд гарах,пикник,遠足,item,행사
수련회,buổi sinh hoạt tập thể,School retreat,研学营,การเข้าค่าย,kem sekolah,зуслан,поездка в лагерь,宿泊学習,item,일정
방학,kỳ nghỉ,School break,假期,ปิดเทอม,cuti sekolah,амралт,каникулы,長期休み,item,일정
개학,ngày bắt đầu học kỳ mới,First day of school,开学,เปิดเทอม,sekolah buka semula,хичээл эхлэх,начало учебы,始業日,item,일정
입학식,lễ nhập học,Entrance ceremony,入学典礼,พิธีเข้าเรียน,hari pendaftaran,элсэлтийн баяр,церемония поступления,入学式・入園式,item,행사
졸업식,lễ tốt nghiệp,Graduation,毕业典礼,งานจบการศึกษา,majlis graduasi,төгсөлтийн баяр,выпускной,卒業式・卒園式,item,행사
종업식,lễ bế giảng năm học,Last day of school,结业典礼,พิธีปิดภาคเรียน,majlis akhir tahun,хичээлийн жилийн хаалтын ёслол,окончание учебного года,修了式,item,일정
학급,lớp học,Class,班级,ชั้นเรียน,kelas,анги,класс,クラス,item,학교 단위
학년,khối lớp,Grade,年级,ระดับชั้น,tahun,ангийн түвшин,год обучения,学年,item,학교 단위
번호,số thứ tự,Student number,学号,เลขที่,nombor,дугаар,номер в списке,出席番号,item,학교 단위
급식,bữa ăn ở trường,School lunch,校餐,อาหารกลางวัน,makanan sekolah,сургуулийн хоол,питание в школе,給食,item,급식
식단표,thực đơn,Lunch menu,每周菜单,รายการอาหาร,menu makanan,хоолны цэс,меню,献立表,item,급식
알레르기,dị ứng,Allergy,过敏,อาการแพ้,alahan,харшил,аллергия,アレルギー,item,건강
예방접종,tiêm phòng,Vaccination,疫苗接种,การฉีดวัคซีน,suntikan vaksin,вакцин,прививка,予防接種,item,건강
건강검진,khám sức khỏe,Health check-up,健康体检,การตรวจสุขภาพ,pemeriksaan kesihatan,эрүүл мэндийн үзлэг,медосмотр,健康診断,item,건강
신체검사,kiểm tra sức khỏe thể chất,Physical exam,身体检查,การตรวจร่างกาย,pemeriksaan fizikal,биеийн үзлэг,проверка роста и веса,身体測定,item,건강
감염병,bệnh truyền nhiễm,Contagious illness,传染病,โรคติดต่อ,penyakit berjangkit,халдварт өвчин,инфекция,感染症,item,건강
머릿니,chấy rận,Head lice,头虱,เหา,kutu rambut,толгойны бөөс,вши,アタマジラミ,item,건강
독감,cúm,Flu,流感,ไข้หวัดใหญ่,selesema,томуу,грипп,インフルエンザ,item,건강
코로나,COVID-19,COVID-19,COVID-19,COVID-19,COVID-19,COVID-19,COVID-19,COVID-19,item,건강
미세먼지,bụi mịn,Fine dust,细颗粒物,ฝุ่น PM2.5,habuk halus,нарийн ширхэгт тоос,мелкая пыль,PM2.5,item,건강
안전교육,giáo dục an toàn,Safety education,安全教育,การเรียนรู้เรื่องความปลอดภัย,didikan keselamatan,аюулгүй байдлын хичээл,уроки безопасности,安全教育,item,안전
재난대피훈련,diễn tập sơ tán,Disaster drill,避险演练,การซ้อมอพยพหนีภัย,latihan kecemasan,гамшгаас хамгаалах сургуулилт,тренировка на случай ЧП,避難訓練,item,안전
학교폭력,bạo lực học đường,School bullying,校园暴力,ความรุนแรงในโรงเรียน,buli di sekolah,сургуулийн хүчирхийлэл,школьное насилие,いじめ,item,안전
생활지도,hướng dẫn nề nếp sinh hoạt,Student guidance,生活指导,การแนะนำระเบียบวินัยและการใช้ชีวิต,bimbingan tingkah laku,хүмүүжлийн заавар,правила поведения,生活指導,item,건강·안전
교통안전,an toàn giao thông,Traffic safety,交通安全,ความปลอดภัยทางจราจร,keselamatan jalan raya,замын хөдөлгөөний аюулгүй байдал,дорожная безопасность,交通安全,item,안전
귀가 동의,đồng ý về cách về nhà,Home dismissal consent,放学回家同意,ยินยอมการกลับบ้าน,kebenaran balik rumah,гэртээ харих зөвшөөрөл,согласие на уход домой,帰宅方法の同意,item,제출
귀가 동의서,giấy đồng ý về cách về nhà,Home dismissal consent form,放学回家同意书,ใบยินยอมการกลับบ้าน,borang kebenaran balik rumah,гэртээ харих зөвшөөрлийн маягт,согласие на самостоятельный уход домой,帰宅方法同意書,item,제출 서류
응급처치,sơ cứu,First aid,急救措施,การปฐมพยาบาล,pertolongan cemas,анхны тусламж,первая помощь,応急処置,item,건강/안전
투약 의뢰서,phiếu yêu cầu cho trẻ uống thuốc,Medication request form,服药委托书,ใบคำขอให้ช่วยป้อนยา,borang permohonan pemberian ubat,эм өгөх хүсэлт,просьба дать лекарство,投薬依頼書,item,제출 서류
칫솔,bàn chải đánh răng,Toothbrush,牙刷,แปรงสีฟัน,berus gigi,шүдний сойз,зубная щетка,歯ブラシ,item,준비물
수건,khăn mặt,Towel,毛巾,ผ้าเช็ดตัว,tuala,алчуур,полотенце,タオル,item,준비물
방과후 신청,đăng ký học sau giờ học,After-school sign-up,课后班申请,การสมัครเรียนเสริมหลังเลิกเรียน,mohon kelas selepas sekolah,дугуйланд бүртгүүлэх,запись на кружки,放課後教室の申し込み,item,제출
돌봄 신청,đăng ký lớp chăm sóc trẻ,Care program sign-up,托管申请,การสมัครเข้าห้องดูแลเด็ก,mohon jagaan pelajar,өдөр өнжүүлэхэд бүртгүүлэх,запись в группу продленки,学童の申し込み,item,제출
키즈노트,Kids Note(키즈노트),Kids Note(키즈노트),Kids Note(키즈노트),Kids Note(키즈노트),Kids Note(키즈노트),Kids Note(키즈노트),Kids Note(키즈노트),Kids Note(키즈노트),item,서비스명
학교종이,Hakgyo Jongi(학교종이),Hakgyo Jongi(학교종이),Hakgyo Jongi(학교종이),Hakgyo Jongi(학교종이),Hakgyo Jongi(학교종이),Hakgyo Jongi(학교종이),Hakgyo Jongi(학교종이),Hakgyo Jongi(학교종이),item,서비스명 확인완료
하이클래스,HiClass(하이클래스),HiClass(하이클래스),HiClass(하이클래스),HiClass(하이클래스),HiClass(하이클래스),HiClass(하이클래스),HiClass(하이클래스),HiClass（ハイクラス）,item,서비스명
e알리미,e-Alimi(e알리미),e-Alimi(e알리미),e-Alimi(e알리미),e-Alimi(e알리미),e-Alimi(e알리미),e-Alimi(e알리미),e-Alimi(e알리미),e-Alimi(e알리미),item,서비스명
숙제,bài tập về nhà,Homework,作业,การบ้าน,kerja sekolah,гэрийн даалгавар,домашнее задание,宿題,item,기타
수행평가,đánh giá quá trình,Performance assessment,学业表现评价,การประเมินผลการเรียน,penilaian prestasi,гүйцэтгэлийн үнэлгээ,оценивание выполнения задания,パフォーマンス評価,item,기타
준비 학습,chuẩn bị bài học,Prep work,预习,การเตรียมตัวก่อนเรียน,belajar persediaan,хичээлийн бэлтгэл,подготовка к уроку,予習,item,기타
독서 활동,hoạt động đọc sách,Reading activity,阅读活动,กิจกรรมการอ่านหนังสือ,aktiviti membaca,ном унших цаг,чтение книг,読書活動,item,기타
방학 과제,bài tập kỳ nghỉ,Vacation homework,假期作业,งานที่ต้องทำช่วงปิดเทอม,tugasan cuti sekolah,амралтын даалгавар,задание на каникулы,長期休みの宿題,item,기타
개인정보 동의서,giấy đồng ý sử dụng thông tin cá nhân,Privacy consent form,个人信息同意书,ใบยินยอมให้ข้อมูลส่วนบุคคล,borang izin maklumat peribadi,хувийн мэдээллийн зөвшөөрөл,согласие на использование личных данных,個人情報同意書,item,제출
응급 연락처,số liên lạc khẩn cấp,Emergency contact,紧急联系方式,เบอร์ติดต่อฉุกเฉิน,nombor kecemasan,яаралтай үед холбоо барих утас,экстренный номер телефона,緊急連絡先,item,건강·안전
보호자,người giám hộ,Guardian,家长,ผู้ปกครอง,penjaga,асран хамгаалагч,опекун,保護者,item,기타
보호자 서명,chữ ký của người giám hộ,Guardian signature,家长签字,ลายเซ็นผู้ปกครอง,tandatangan penjaga,асран хамгаалагчийн гарын үсэг,подпись родителя,保護者署名,item,제출
비상 연락망,danh sách liên lạc khẩn cấp,Emergency contact list,紧急联系网,รายชื่อติดต่อยามฉุกเฉิน,senarai nombor kecemasan,яаралтай холбоо барих дугаар,контакты для экстренной связи,緊急連絡網,item,건강·안전
우산,cái ô,Umbrella,雨伞,ร่ม,payung,шүхэр,зонтик,傘,item,준비물
마스크,khẩu trang,Mask,口罩,หน้ากากอนามัย,pelitup muka,амны хаалт,маска,マスク,item,건강·안전
여분 마스크,khẩu trang dự phòng,Extra mask,备用口罩,หน้ากากอนามัยสำรอง,pelitup muka simpanan,илүү амны хаалт,запасная маска,予備のマスク,item,건강·안전
손 소독제,nước rửa tay khô,Hand sanitizer,手部消毒液,เจลล้างมือ,pencuci tangan,гар ариутгагч,антисептик для рук,除菌ジェル,item,건강·안전
실습복,đồ thực hành,Activity clothes,活动服,ชุดสำหรับฝึกปฏิบัติ,baju praktikal,дадлагын хувцас,рабочая одежда,活動着,item,준비물
우천 시,trường hợp trời mưa,In case of rain,下雨时,ในกรณีที่ฝนตก,jika hujan,бороо орсон тохиолдолд,в случае дождя,雨天の場合,item,일정
연기,hoãn lại,Postponed,推迟,การเลื่อนกำหนดการ,tangguhkan,хойшлуулах,перенос,延期,item,일정
취소,hủy bỏ,Canceled,取消,การยกเลิก,batal,цуцлах,отмена,中止,item,일정
변경 사항,nội dung thay đổi,Changes,变更事项,ข้อมูลที่เปลี่ยนแปลง,perubahan,өөрчлөгдсөн зүйлс,изменения,変更事項,item,기타
수업비,tiền học,Class fee,学费,ค่าเรียน,yuran kelas,хичээлийн төлбөр,оплата за занятия,授業料,item,비용
수업료,học phí,Tuition,学费,ค่าเล่าเรียน,yuran sekolah,сургалтын төлбөр,стоимость обучения,授業料,item,비용
방과후 수업,lớp học thêm sau giờ học,After-school class,课后课程,เรียนเสริมหลังเลิกเรียน,kelas selepas sekolah,дугуйлангийн хичээл,занятия после школы,放課後授業,item,일정
영어 수업,lớp học tiếng Anh,English class,英语课,เรียนภาษาอังกฤษ,kelas Bahasa Inggeris,англи хэлний хичээл,уроки английского,英語の授業,item,일정
교재,tài liệu học tập,Learning materials,教材,สื่อการเรียน,bahan belajar,сурах бичиг,учебные материалы,教材,item,준비물
필통,hộp bút,Pencil case,铅笔盒,กล่องดินสอ,kotak pensel,үзгэн хайрцаг,пенал,筆箱,item,준비물
색연필,bút chì màu,Colored pencils,彩色铅笔,สีไม้,pensel warna,өнгөт харандаа,цветные карандаши,色鉛筆,item,준비물
연필,bút chì,Pencil,铅笔,ดินสอ,pensel,харандаа,карандаш,鉛筆,item,준비물
지우개,cục tẩy,Eraser,橡皮,ยางลบ,pemadam,баллуур,ластик,消しゴム,item,준비물
공책,quyển vở,Notebook,笔记本,สมุด,buku tulis,дэвтэр,тетрадь,ノート,item,준비물
보호자 연락처,số điện thoại phụ huynh,Guardian contact info,家长联系电话,เบอร์ติดต่อผู้ปกครอง,nombor telefon penjaga,асран хамгаалагчийн утасны дугаар,номер телефона родителя,保護者の連絡先,item,건강·안전
오후,buổi chiều,PM,下午,ช่วงบ่าย,petang,үдээс хойш,после обеда,午後,item,일정
오전,buổi sáng,AM,上午,ช่วงเช้า,pagi,үдээс өмнө,до обеда,午前,item,일정
월요일,Thứ Hai,Monday,星期一,วันจันทร์,Isnin,даваа гараг,понедельник,月曜日,item,일정
화요일,Thứ Ba,Tuesday,星期二,วันอังคาร,Selasa,мягмар гараг,вторник,火曜日,item,일정
수요일,Thứ Tư,Wednesday,星期三,วันพุธ,Rabu,лхагва гараг,среда,水曜日,item,일정
목요일,Thứ Năm,Thursday,星期四,วันพฤหัสบดี,Khamis,пүрэв гараг,четверг,木曜日,item,일정
금요일,Thứ Sáu,Friday,星期五,วันศุกร์,Jumaat,баасан гараг,пятница,金曜日,item,일정
귀가,về nhà,Going home,回家,การกลับบ้าน,balik rumah,харих,возвращение домой,帰り,item,일정
학생,học sinh,student,学生,นักเรียน,murid,сурагч,ученик,児童・生徒,item,sinh viên(대학생) 오역 방지
초등학생,học sinh tiểu học,elementary school student,小学生,นักเรียนประถมศึกษา,murid sekolah rendah,бага сургуулийн сурагч,ученик начальной школы,小学生,item,대학생 오역 방지
전세버스,xe buýt thuê,charter bus,包车,รถบัสเช่าเหมา,bas sewaan,түрээсийн автобус,арендованный автобус,チャーターバス,item,서버/콘돔 오역 방지
생존수영,bơi lội an toàn,survival swimming,生存游泳,การว่ายน้ำเพื่อความปลอดภัย,renang keselamatan,аврах усанд сэлэлт,навыки безопасного плавания,水泳安全教育,item,생존수영 교육
리코더,sáo recorder,recorder,竖笛,รีคอร์เดอร์,rekoder,блок флейт,блокфлейта,リコーダー,item,녹음기 오역 방지
우범지역,khu vực cần chú ý an toàn,area requiring safety caution,危险地区,พื้นที่เสี่ยงอันตราย,kawasan berisiko,аюултай бүс нутаг,опасный район,危険な地域,item,좋은 지역 반대 오역 방지
줄넘기,dây nhảy,jump rope,跳绳,เชือกกระโดด,tali lompat,дэвхрэх олс,скакалка,なわとび,item,준비물
간편복,quần áo thoải mái,casual clothes,便服,เสื้อผ้าสบาย,pakaian selesa,тав тухтай хувцас,удобная одежда,動きやすい服装,item,준비물
어깨끈,quai đeo vai,shoulder strap,肩带,สายสะพายไหล่,tali bahu,мөрний уяа,плечевой ремень,肩ひも,item,가방 관련
횡단보도,vạch sang đường,crosswalk,人行横道,ทางม้าลาย,tempat penyeberangan,явган хүний гарц,пешеходный переход,横断歩道,item,교통안전
안심벨,chuông an toàn,safety alarm,安心铃,กริ่งนิรภัย,loceng keselamatan,аюулгүй байдлын хонх,сигнал безопасности,安心ベル,item,학교 안전 기기
수리력,năng lực toán học,numeracy,数学能力,ความสามารถทางคณิตศาสตร์,kemahiran numerasi,тоон чадвар,математические навыки,算数の力,item,수선/수리 오역 방지
물통,bình nước,water bottle,水壶,ขวดน้ำ,botol air,усны сав,бутылка для воды,水筒,item,준비물
운영시간,Thời gian hoạt động,Operating hours,运营时间,เวลาดำเนินการ,Waktu operasi,Үйл ажиллагааны цаг,Время работы,運営時間,item,슬롯 카드 헤더
운영방법,Cách thức hoạt động,Operating method,运营方法,วิธีดำเนินการ,Cara operasi,Үйл ажиллагааны арга,Способ проведения,運営方法,item,슬롯 카드 헤더
운영날짜,Ngày hoạt động,Operating date,运营日期,วันดำเนินการ,Tarikh operasi,Үйл ажиллагааны өдөр,Дата проведения,運営日,item,슬롯 카드 헤더
신청방법,Cách đăng ký,How to apply,申请方法,วิธีสมัคร,Cara mendaftar,Бүртгүүлэх арга,Как подать заявку,申込方法,item,슬롯 카드 헤더
신청기간,Thời gian đăng ký,Application period,申请期间,ระยะเวลาสมัคร,Tempoh permohonan,Бүртгэлийн хугацаа,Период подачи заявок,申込期間,item,슬롯 카드 헤더
신청 URL,URL đăng ký,Application URL,申请网址,URL สำหรับสมัคร,URL permohonan,Бүртгэлийн URL,Ссылка для подачи,申込URL,item,슬롯 카드 헤더
일시,Thời gian,Date and time,日期时间,วันเวลา,Tarikh dan masa,Огноо ба цаг,Дата и время,日時,item,슬롯 카드 헤더
시간,Thời gian,Time,时间,เวลา,Masa,Цаг,Время,時間,item,슬롯 카드 헤더
장소,Địa điểm,Place,场所,สถานที่,Tempat,Газар,Место,場所,item,슬롯 카드 헤더
대상,Đối tượng,Target,对象,กลุ่มเป้าหมาย,Sasaran,Зорилтот,Целевая аудитория,対象,item,슬롯 카드 헤더
비용,Chi phí,Cost,费用,ค่าใช้จ่าย,Kos,Зардал,Стоимость,費用,item,슬롯 카드 헤더
회비,Phí hội,Membership fee,会费,ค่าสมาชิก,Yuran keahlian,Гишүүний хураамж,Членский взнос,会費,item,슬롯 카드 헤더
참가비,Phí tham gia,Participation fee,参加费,ค่าเข้าร่วม,Yuran penyertaan,Оролцооны хураамж,Взнос за участие,参加費,item,슬롯 카드 헤더
기타 안내사항,Thông tin khác,Other information,其他通知事项,ข้อแจ้งอื่นๆ,Pengumuman lain,Бусад мэдээлэл,Прочие уведомления,その他のお知らせ,item,슬롯 카드 헤더
안내사항,Thông tin hướng dẫn,Notices,通知事项,ข้อแจ้ง,Pengumuman,Мэдээлэл,Уведомление,お知らせ,item,슬롯 카드 헤더
유의사항,Lưu ý,Important Notes,注意事项,ข้อควรระวัง,Perhatian,Анхааруулга,Внимание,注意事項,item,슬롯 카드 헤더
문의,Liên hệ,Inquiries,咨询,สอบถาม,Pertanyaan,Лавлагаа,Вопросы,問合せ,item,슬롯 카드 헤더
운영일시,Thời gian hoạt động,Operation hours,运营时间,เวลาดำเนินการ,Waktu operasi,Ажиллах цаг,Время работы,運営日時,item,슬롯 카드 헤더
결과발표,Công bố kết quả,Results announcement,结果公布,ประกาศผล,Pengumuman keputusan,Үр дүнгийн мэдэгдэл,Объявление результатов,結果発表,item,슬롯 카드 헤더
준비,Chuẩn bị,Preparation,准备,การเตรียม,Persediaan,Бэлтгэл,Подготовка,準備,item,슬롯 카드 헤더
연락처,Số liên hệ,Contact,联系方式,ช่องทางติดต่อ,Hubungan,Холбоо барих,Контакты,連絡先,item,슬롯 카드 헤더
기타,Khác,Other,其他,อื่นๆ,Lain-lain,Бусад,Прочее,その他,item,슬롯 카드 헤더
방과후,Chương trình sau giờ học,After-school program,课后项目,โครงการหลังเลิกเรียน,Program selepas sekolah,Хичээлийн дараах хөтөлбөр,Программа после уроков,放課後プログラム,item,일정
사전예약,Đặt trước,Advance reservation,提前预约,จองล่วงหน้า,Tempahan awal,Урьдчилсан захиалга,Предварительная запись,事前予約,item,행정
성취기준,Tiêu chuẩn cần đạt,Achievement standard,成就标准,มาตรฐานผลสัมฤทธิ์,Standard pencapaian,Амжилтын шалгуур,Критерии достижения,達成基準,item,행정
마음방역,Chăm sóc sức khỏe tinh thần,Mental health care,心理健康管理,การดูแลสุขภาพจิต,Penjagaan kesihatan mental,Сэтгэцийн эрүүл мэндийн тусламж,Забота о психическом здоровье,心の健康管理,item,건강
소아청소년,Trẻ em và thanh thiếu niên,Children and adolescents,儿童青少年,เด็กและวัยรุ่น,Kanak-kanak dan remaja,"Хүүхэд, өсвөр үе",Дети и подростки,小児・青少年,item,행정
수강료,Học phí,Class fee,课程费,ค่าเรียน,Yuran kelas,Сургалтын төлбөр,Плата за занятия,受講料,item,비용
평가영역,Lĩnh vực đánh giá,Assessment area,评价领域,ขอบเขตการประเมิน,Bidang penilaian,Үнэлгээний хүрээ,Область оценки,評価領域,item,행정
점심시간,Giờ ăn trưa,Lunch break,午餐时间,เวลาพักกลางวัน,Waktu rehat tengah hari,Өдрийн цайны цаг,Обеденный перерыв,昼食時間,item,일정
인플루엔자,Cúm,Influenza,流感,ไข้หวัดใหญ่,Influenza,Томуу,Грипп,インフルエンザ,item,검사
조기개입,Can thiệp sớm,Early intervention,早期干预,การแทรกแซงระยะแรก,Intervensi awal,Эрт оролцоо,Раннее вмешательство,早期介入,item,건강
단원명,Tên bài học,Unit title,单元名称,ชื่อหน่วยการเรียนรู้,Tajuk unit,Нэгжийн нэр,Название раздела,単元名,item,행정
구강검진,Khám răng miệng,Dental check-up,口腔检查,การตรวจสุขภาพช่องปาก,Pemeriksaan kesihatan mulut,Амны хөндийн үзлэг,Осмотр полости рта,口腔検診,item,검사
개인정보,Thông tin cá nhân,Personal data,个人信息,ข้อมูลส่วนตัว,Maklumat peribadi,Хувийн мэдээлэл,Личная информация,個人情報,item,행정
법정대리인,Người giám hộ hợp pháp,Legal guardian,法定代理人,ผู้ปกครองตามกฎหมาย,Penjaga sah,Хууль ёсны төлөөлөгч,Законный представитель,法定代理人,item,행정
서답형,Dạng câu hỏi tự luận,Constructed-response question,主观题,คำถามแบบเขียนตอบ,Soalan respons bertulis,Хариулт бичих асуулт,Задание с развёрнутым ответом,記述式,item,행정
행동강령,Quy tắc ứng xử,Code of conduct,行为准则,ประมวลจริยธรรม,Kod tingkah laku,Ёс зүйн дүрэм,Кодекс поведения,行動規範,item,행정
위탁의료기관,Cơ sở y tế được chỉ định,Designated medical facility,指定医疗机构,สถานพยาบาลที่กำหนด,Institusi perubatan yang ditetapkan,Томилогдсон эмнэлгийн байгууллага,Назначенное медицинское учреждение,指定医療機関,item,행정
자가점검,Tự kiểm tra,Self-check,自我检查,การตรวจสุขภาพด้วยตนเอง,Semakan kendiri,Өөрөө шалгах,Самопроверка,自己点検,item,검사
이상반응,Phản ứng bất thường,Adverse reaction,异常反应,อาการไม่พึงประสงค์,Reaksi buruk,Хэвийн бус урвал,Нежелательная реакция,異常反応,item,검사
늘봄학교,Trường Neulbom,Neulbom School,延长托管学校,โรงเรียน Neulbom,Sekolah Neulbom,Ныльбом сургууль,Школа Ныльбом,ヌルボム学校,item,행정
아침독서,Đọc sách buổi sáng,Morning reading,晨读,การอ่านตอนเช้า,Bacaan pagi,Өглөөний уншлага,Утреннее чтение,朝読書,item,일정
접종장소,Địa điểm tiêm chủng,Vaccination site,接种地点,สถานที่ฉีดวัคซีน,Tempat vaksinasi,Вакцин хийх газар,Место вакцинации,接種場所,item,일정
선착순,Ai đến trước được phục vụ trước,"First-come, first-served",先到先得,มาก่อนได้ก่อน,Siapa cepat dia dapat,Эхэлж ирсэн дарааллаар,В порядке живой очереди,先着順,item,행정
재량휴업일,Ngày nghỉ do nhà trường quy định,School closure day,学校指定休业日,วันหยุดที่โรงเรียนกำหนด,Cuti yang ditetapkan oleh sekolah,Сургуулиас тогтоосон амралтын өдөр,"День отдыха, установленный школой",学校指定休業日,item,일정
수업일,Ngày học,School day,上课日,วันเรียน,Hari persekolahan,Хичээлийн өдөр,Учебный день,授業日,item,일정
누리집,Trang web,Website,网站,เว็บไซต์,Laman web,Вебсайт,Веб-сайт,ホームページ,item,행정
학기중,Trong học kỳ,During the semester,学期中,ในช่วงภาคเรียน,Semasa semester,Улирлын турш,Во время семестра,学期中,item,일정
전면등교,Đi học trực tiếp toàn bộ,Full in-person attendance,全面返校,การเข้าเรียนในโรงเรียนเต็มรูปแบบ,Kehadiran fizikal sepenuhnya,Бүрэн танхимын хичээл,Полное очное обучение,全面登校,item,행정
수학여행,Chuyến đi học tập của trường,Overnight school trip,研学旅行,ทัศนศึกษา,Lawatan sekolah,Сургалтын аялал,Школьная поездка,修学旅行,item,일정
봉사활동,Hoạt động tình nguyện,Volunteer activity,志愿活动,กิจกรรมอาสา,Aktiviti sukarelawan,Сайн дурын үйл ажиллагаа,Добровольческая деятельность,ボランティア活動,item,일정
출결처리,Xử lý chuyên cần,Attendance processing,出缺勤处理,การจัดการการเข้าเรียน,Pemprosesan kehadiran,Ирц бүртгэл,Учёт посещаемости,出欠処理,item,행정
교육활동,Hoạt động giáo dục,Educational activities,教育活动,กิจกรรมทางการศึกษา,Aktiviti pendidikan,Боловсролын үйл ажиллагаа,Образовательная деятельность,教育活動,item,일정
학부모회,Hội phụ huynh,Parents association,家长委员会,สมาคมผู้ปกครอง,Persatuan ibu bapa,Эцэг эхийн холбоо,Родительский комитет,保護者会,item,행정
담당자,Người phụ trách,Person in charge,负责人,เจ้าหน้าที่ติดต่อ,Pegawai bertanggungjawab,Хариуцсан ажилтан,Ответственное лицо,担当者,item,행정
수련지도사,Giáo viên hướng dẫn hoạt động trải nghiệm,Youth training instructor,青少年训练指导员,ครูฝึกกิจกรรมเยาวชน,Jurulatih latihan belia,Залуучуудын сургалтын багш,Инструктор молодёжного лагеря,青少年研修指導員,item,일정
교육급여,Trợ cấp chi phí học tập,Education allowance,教育津贴,เงินอุดหนุนการศึกษา,Bantuan pendidikan,Боловсролын тэтгэмж,Пособие на обучение,教育給付,item,비용
급식우유,Sữa trong bữa ăn học đường,School meal milk,学校供餐牛奶,นมโรงเรียน,Susu makanan sekolah,Сургуулийн хоолны сүү,Молоко для школьного питания,給食牛乳,item,건강
국내산,Sản xuất trong nước,Domestically produced,国产,ผลิตในประเทศ,Buatan tempatan,Дотоодын үйлдвэрлэл,Отечественное производство,国産,item,행정
교육과정,Chương trình giáo dục,Curriculum,课程,หลักสูตร,Kurikulum,Боловсролын хөтөлбөр,Учебная программа,教育課程,item,행정
생년월일,Ngày tháng năm sinh,Date of birth,出生年月日,วันเดือนปีเกิด,Tarikh lahir,Төрсөн огноо,Дата рождения,生年月日,item,행정
서술형,Dạng câu hỏi trả lời bằng văn bản,Constructed-response type,叙述题,แบบเขียนตอบ,Jenis jawapan bertulis,Бичгээр хариулах хэлбэр,Задание с письменным ответом,記述式,item,검사
특수교육대상자,Học sinh cần giáo dục đặc biệt,Student with special educational needs,特殊教育对象,ผู้เรียนที่มีความต้องการพิเศษทางการศึกษา,Pelajar keperluan pendidikan khas,Тусгай боловсрол шаардлагатай сурагч,Учащийся с особыми образовательными потребностями,特別支援教育対象者,item,행정
교수학습,Dạy và học,Teaching and learning,教学,การเรียนการสอน,Pengajaran dan pembelajaran,"Багшлах, сурах",Преподавание и обучение,授業と学習,item,행정
교육지원청,Phòng Giáo dục địa phương,Regional Office of Education,教育支援厅,สำนักงานเขตการศึกษา,Pejabat Pendidikan Daerah,Орон нутгийн боловсролын газар,Управление образования,教育支援庁,item,행정
건강보험료,Phí bảo hiểm y tế,Health insurance premium,健康保险费,เบี้ยประกันสุขภาพ,Premium insurans kesihatan,Эрүүл мэндийн даатгалын шимтгэл,Взнос за медицинскую страховку,健康保険料,item,비용
학생인권,Quyền học sinh,Student rights,学生人权,สิทธิของนักเรียน,Hak pelajar,Сурагчийн эрх,Права учащихся,学生人権,item,행정
등교중지,Tạm dừng đến trường,Suspension of school attendance,停止上学,งดมาโรงเรียนชั่วคราว,Sekatan sementara daripada hadir ke sekolah,Хичээлд ирэхийг түр зогсоох,Приостановка посещения школы,登校停止,item,행정
식재료,Nguyên liệu thực phẩm,Food ingredients,食材,วัตถุดิบอาหาร,Bahan makanan,Хүнсний орц,Пищевые ингредиенты,食材,item,건강
원산지,Nơi xuất xứ,Place of origin,原产地,แหล่งกำเนิด,Negara asal,Гарал үүсэл,Место происхождения,原産地,item,건강
아동학대,Lạm dụng trẻ em,Child abuse,儿童虐待,การทารุณกรรมเด็ก,Penderaan kanak-kanak,Хүүхдийн хүчирхийлэл,Жестокое обращение с детьми,児童虐待,item,행정
무항생제,Không kháng sinh,Antibiotic-free,无抗生素,ปลอดสารปฏิชีวนะ,Bebas antibiotik,Антибиотикгүй,Без антибиотиков,無抗生剤,item,건강
사이버폭력,Bạo lực mạng,Cyberbullying,网络暴力,การกลั่นแกล้งบนโลกไซเบอร์,Buli siber,Кибер дээрэлхэл,Кибербуллинг,ネットいじめ,item,행정
논술형,Dạng bài luận,Essay question type,论述题,แบบเรียงความ,Bentuk esei,Эссэ хэлбэрийн,Задание с развернутым ответом,論述式,item,검사
비대면,Không tiếp xúc trực tiếp,Non-face-to-face,非面对面,ไม่พบหน้า,Bukan bersemuka,Биечлэн бус,Дистанционный,非対面,item,행정
여름방학,Kỳ nghỉ hè,Summer vacation,暑假,ปิดเทอมภาคฤดูร้อน,Cuti musim panas,Зуны амралт,Летние каникулы,夏休み,item,일정
겨울방학,Kỳ nghỉ đông,Winter vacation,寒假,ปิดเทอมภาคฤดูหนาว,Cuti musim sejuk,Өвлийн амралт,Зимние каникулы,冬休み,item,일정
등교수업,Lớp học trực tiếp,In-person classes,到校上课,การเรียนแบบเข้าชั้นเรียน,Kelas bersemuka,Хичээлд ирж сурах,Очные занятия,登校授業,item,행정
학교운영위원회,Hội đồng quản lý trường học,School management committee,学校运营委员会,คณะกรรมการสถานศึกษา,Jawatankuasa pengurusan sekolah,Сургуулийн удирдлагын зөвлөл,Школьный управляющий совет,学校運営委員会,item,행정
신속항원검사,Xét nghiệm kháng nguyên nhanh,Rapid antigen test,快速抗原检测,การตรวจแอนติเจนแบบรวดเร็ว,Ujian antigen pantas,Түргэн антиген тест,Экспресс-тест на антигены,迅速抗原検査,item,검사
중위소득,Thu nhập trung vị,Median income,中位收入,รายได้มัธยฐาน,Pendapatan median,Медиан өрхийн орлого,Медианный доход,中位所得,item,비용
인공지능,Trí tuệ nhân tạo,Artificial intelligence,人工智能,ปัญญาประดิษฐ์,Kecerdasan buatan,Хиймэл оюун ухаан,Искусственный интеллект,人工知能,item,행정
수강신청,Đăng ký học,Course registration,课程报名,การลงทะเบียนเรียน,Pendaftaran kursus,Хичээл сонголт,Запись на курсы,受講申込み,item,행정
의료기관,Cơ sở y tế,Medical institution,医疗机构,สถานพยาบาล,Institusi perubatan,Эрүүл мэндийн байгууллага,Медицинское учреждение,医療機関,item,건강
농촌유학,Chương trình học tập ở nông thôn,Rural study program,农村游学,โครงการเรียนรู้ในชนบท,Program pembelajaran luar bandar,Хөдөө орон нутагт суралцах хөтөлбөр,Программа обучения в сельской местности,農村留学,item,행정
관찰평가,Đánh giá quan sát,Observation assessment,观察评估,การประเมินจากการสังเกต,Penilaian pemerhatian,Ажиглалтын үнэлгээ,Наблюдательная оценка,観察評価,item,검사
서술평가,Đánh giá tự luận,Descriptive assessment,描述性评估,การประเมินเชิงบรรยาย,Penilaian deskriptif,Бичгээр тайлбарлах үнэлгээ,Описательная оценка,記述評価,item,검사
지필평가,Đánh giá viết,Written test,笔试评估,การประเมินข้อเขียน,Penilaian bertulis,Бичгийн үнэлгээ,Письменная оценка,筆記評価,item,검사
실기평가,Đánh giá thực hành,Performance assessment,技能评估,การประเมินภาคปฏิบัติ,Penilaian praktikal,Практик үнэлгээ,Практическая оценка,実技評価,item,검사
자기평가,Tự đánh giá,Self-assessment,自我评估,การประเมินตนเอง,Penilaian kendiri,Өөрийн үнэлгээ,Самооценка,自己評価,item,검사
선택형,Dạng trắc nghiệm,Multiple-choice type,选择题,แบบเลือกตอบ,Jenis pilihan,Сонголттой асуултын хэлбэр,Тесты с выбором ответа,選択式,item,검사
평가방법,Phương pháp đánh giá,Assessment method,评估方法,วิธีการประเมิน,Kaedah penilaian,Үнэлгээний арга,Метод оценки,評価方法,item,검사
평가시기,Thời điểm đánh giá,Assessment timing,评估时间,ช่วงเวลาประเมิน,Tempoh penilaian,Үнэлгээний хугацаа,Сроки оценки,評価時期,item,검사
평가내용,Nội dung đánh giá,Assessment content,评估内容,เนื้อหาการประเมิน,Kandungan penilaian,Үнэлгээний агуулга,Содержание оценки,評価内容,item,검사
재료비,Phí nguyên liệu,Material fee,材料费,ค่าวัสดุ,Yuran bahan,Материалын төлбөр,Стоимость материалов,材料費,item,비용
교재비,Phí giáo trình,Textbook fee,教材费,ค่าตำราเรียน,Yuran buku teks,Сурах бичгийн төлбөр,Стоимость учебных материалов,教材費,item,비용
교통비,Phí đi lại,Transportation fee,交通费,ค่าเดินทาง,Yuran pengangkutan,Замын зардал,Транспортные расходы,交通費,item,비용
체험비,Phí trải nghiệm,Activity fee,体验费,ค่ากิจกรรม,Yuran aktiviti,Туршлагын төлбөр,Плата за участие в мероприятии,体験費,item,비용
수급권자,Người được hưởng trợ cấp,Eligible beneficiary,受益人,ผู้มีสิทธิ์รับเงินสงเคราะห์,Penerima bantuan,Тэтгэмж авах эрх бүхий этгээд,"Лицо, имеющее право на льготы",受給権者,item,비용
학습특별지원금,Hỗ trợ học tập đặc biệt,Special study grant,特别学习支援金,เงินสนับสนุนการเรียนรู้พิเศษ,Geran sokongan pembelajaran khas,Сургалтын тусгай тэтгэмж,Специальная выплата на обучение,学習特別支援金,item,비용
미동의,Không đồng ý,Non-consent,未同意,ไม่ยินยอม,Tidak bersetuju,Зөвшөөрөөгүй,Несогласие,未同意,item,행정
증빙서류,Hồ sơ chứng minh,Supporting documents,证明文件,เอกสารประกอบ,Dokumen sokongan,Нотлох баримт бичиг,Подтверждающие документы,証明書類,item,행정
수집항목,Thông tin thu thập,Collected information,收集项目,รายการข้อมูลที่เก็บรวบรวม,Maklumat yang dikumpul,Цуглуулах мэдээлэл,Перечень собираемых данных,収集項目,item,행정
보유기간,Thời gian lưu giữ,Retention period,保存期限,ระยะเวลาการจัดเก็บ,Tempoh simpanan,Хадгалах хугацаа,Срок хранения,保有期間,item,행정
이용기간,Thời gian sử dụng,Usage period,使用期限,ระยะเวลาการใช้งาน,Tempoh penggunaan,Ашиглах хугацаа,Срок использования,利用期間,item,행정
개인정보보호법,Luật Bảo vệ thông tin cá nhân,Personal Information Protection Act,个人信息保护法,พระราชบัญญัติคุ้มครองข้อมูลส่วนบุคคล,Akta Perlindungan Maklumat Peribadi,Хувийн мэдээллийн хамгаалах тухай хууль,Закон о защите персональных данных,個人情報保護法,item,행정
지원서,Đơn đăng ký,Application form,申请书,ใบสมัคร,Borang permohonan,Өргөдөл,Заявление,申請書,item,행정
희망자,Người có nhu cầu,Interested applicants,希望者,ผู้ที่ต้องการ,Pemohon yang berminat,Хүсэгчид,Желающие,希望者,item,행정
지원대상,Đối tượng hỗ trợ,Eligible persons,支持对象,ผู้มีสิทธิ์รับการสนับสนุน,Kumpulan sasaran sokongan,Дэмжлэг авах хүмүүс,"Категория лиц, имеющих право на поддержку",支援対象,item,행정
설문조사,Khảo sát,Survey,问卷调查,การสำรวจ,Tinjauan,Судалгаа,Опрос,アンケート調査,item,행정
운영계획,Kế hoạch vận hành,Operation plan,运营计划,แผนการดำเนินงาน,Pelan operasi,Үйл ажиллагааны төлөвлөгөө,План работы,運営計画,item,행정
불법찬조금,Tiền tài trợ bất hợp pháp,Illegal donations,非法赞助费,เงินบริจาคที่ผิดกฎหมาย,Dana tajaan haram,Хууль бус ивээн тэтгэлэг,Незаконные пожертвования,不法賛助金,item,행정
등하교,Đi học và tan học,Arrival and dismissal,上下学,การเดินทางไปกลับโรงเรียน,Perjalanan pergi dan balik sekolah,"Сургуульд ирэх, буцах",Приход в школу и уход домой,登下校,item,일정
가정학습,Học tại nhà,Home learning,家庭学习,การเรียนรู้ที่บ้าน,Pembelajaran di rumah,Гэрийн сургалт,Домашнее обучение,家庭学習,item,일정
학교급식,Bữa ăn học đường,School meal,学校供餐,อาหารโรงเรียน,Makanan sekolah,Сургуулийн хоол,Школьное питание,学校給食,item,건강
알리미,Hệ thống thông báo,Notification system,通知系统,ระบบแจ้งเตือน,Sistem pemberitahuan,Мэдэгдлийн систем,Система оповещения,お知らせシステム,item,행정
생활교육,Hướng dẫn nề nếp,Student conduct guidance,生活指导,การแนะแนวการใช้ชีวิตในโรงเรียน,Bimbingan disiplin murid,Сурагчийн хүмүүжлийн зөвлөгөө,Воспитательная работа,生活指導,item,행정
선별진료소,Phòng khám sàng lọc,Screening clinic,筛查诊疗所,คลินิกคัดกรอง,Klinik saringan,Скрининг эмнэлэг,Скрининговый центр,選別診療所,item,검사
건강상태,Tình trạng sức khỏe,Health status,健康状况,สภาพสุขภาพ,Keadaan kesihatan,Эрүүл мэндийн байдал,Состояние здоровья,健康状態,item,건강
과의존,Phụ thuộc kỹ thuật số quá mức,Digital overdependence,过度沉迷,การติดสื่อดิจิทัล,Ketergantungan digital berlebihan,Дижитал хамаарал,Чрезмерная зависимость,過度な依存,item,건강
단말기,Thiết bị đầu cuối,Device,终端设备,อุปกรณ์ปลายทาง,Peranti,Төхөөрөмж,Устройство,端末,item,준비물
태블릿,Máy tính bảng,Tablet,平板电脑,แท็บเล็ต,Tablet,Таблет,Планшет,タブレット,item,준비물
휴대전화,Điện thoại di động,Mobile phone,手机,โทรศัพท์มือถือ,Telefon bimbit,Гар утас,Мобильный телефон,携帯電話,item,준비물
카카오톡,KakaoTalk,KakaoTalk,KakaoTalk,KakaoTalk,KakaoTalk,KakaoTalk,KakaoTalk,カカオトーク,item,행정
디지털,Kỹ thuật số,Digital,数字,ดิจิทัล,Digital,Дижитал,Цифровой,デジタル,item,행정
특별교육,Giáo dục đặc biệt,Special education,特别教育,การศึกษาแบบพิเศษ,Pendidikan khas,Тусгай боловсрол,Специальное обучение,特別教育,item,행정
영재교육대상자,Học sinh năng khiếu,Gifted student,英才教育对象,นักเรียนที่มีความสามารถพิเศษ,Calon pendidikan berbakat,Авьяаслаг сурагч,Одаренный учащийся,英才教育対象者,item,행정
맞춤형,Cá nhân hóa,Personalized,个性化,เฉพาะบุคคล,Peribadi,Хувь хүнд тохируулсан,Индивидуальный,個別対応,item,행정
청소년,Thanh thiếu niên,Adolescent,青少年,เยาวชน,Remaja,Өсвөр насны хүүхэд,Подросток,青少年,item,행정
자원봉사센터,Trung tâm tình nguyện,Volunteer center,志愿者中心,ศูนย์อาสาสมัคร,Pusat sukarelawan,Сайн дурын төв,Центр волонтерства,ボランティアセンター,item,행정
체크리스트,Danh sách kiểm tra,Checklist,清单,รายการตรวจสอบ,Senarai semak,Шалгах хуудас,Контрольный список,チェックリスト,item,행정
학부모님께,Kính gửi quý phụ huynh,Dear parents,尊敬的家长,เรียนผู้ปกครอง,Kepada ibu bapa,Эцэг эхчүүдэд,Уважаемые родители,保護者の皆様,item,인사말
참고 바랍니다,Vui lòng tham khảo,Please refer to this,请参考,โปรดทราบ,Sila rujuk,Анхаарна уу,Просим ознакомиться,ご確認ください,item,안내 표현
협조 부탁드립니다,Mong quý phụ huynh hợp tác,Thank you for your cooperation,请予以配合,ขอความร่วมมือ,Terima kasih atas kerjasama,Хамтран ажиллахыг хүсье,Просим содействия,ご協力をお願いいたします,item,안내 표현
반드시,Bắt buộc,Must,必须,จำเป็นต้อง,Wajib,Заавал,Обязательно,必ず,item,강조 표현
미제출,Chưa nộp,Not submitted,未提交,ยังไม่ได้ส่ง,Belum dihantar,Илгээгээгүй,Не представлено,未提出,item,상태값
제출 완료,Đã nộp,Submitted,已提交,ส่งแล้ว,Telah dihantar,Илгээсэн,Представлено,提出済み,item,상태값
희망하지 않음,Không có nhu cầu,Do not wish to apply,不希望参加,ไม่ประสงค์เข้าร่วม,Tidak berminat,Хүсэхгүй,Не желает,希望しない,item,상태값
해당 없음,Không áp dụng,Not applicable,不适用,ไม่เกี่ยวข้อง,Tidak berkenaan,Хамааралгүй,Не применимо,該当なし,item,상태값
까지,Đến,Until,截至,จนถึง,Hingga,Хүртэл,До,まで,item,일정 표현
부터,Từ,From,从,ตั้งแต่,Dari,Эхлэн,С,から,item,일정 표현
이후,Sau đó,After,以后,หลังจาก,Selepas,Дараа,После,以降,item,일정 표현
이전,Trước đó,Before,以前,ก่อน,Sebelum,Өмнө,До,以前,item,일정 표현
매주,Hàng tuần,Every week,每周,ทุกสัปดาห์,Setiap minggu,Долоо хоног бүр,Каждую неделю,毎週,item,일정 표현
매월,Hàng tháng,Every month,每月,ทุกเดือน,Setiap bulan,Сар бүр,Каждый месяц,毎月,item,일정 표현
당일,Trong ngày đó,On the day,当天,ในวันนั้น,Pada hari tersebut,Тухайн өдөр,В тот день,当日,item,일정 표현
환불,Hoàn tiền,Refund,退款,การคืนเงิน,Bayaran balik,Буцаан олголт,Возврат денег,返金,item,비용
감면,Miễn giảm,Reduction or exemption,减免,การลดหย่อน,Pengecualian atau pengurangan,Хөнгөлөлт чөлөөлөлт,Льгота или освобождение,減免,item,비용
지원금,Tiền hỗ trợ,Support fund,补助金,เงินสนับสนุน,Dana bantuan,Дэмжлэгийн мөнгө,Пособие,支援金,item,비용
납부기한,Hạn nộp tiền,Payment deadline,缴费期限,กำหนดชำระเงิน,Tempoh bayaran,Төлбөр төлөх хугацаа,Крайний срок оплаты,納付期限,item,비용
미납,Chưa thanh toán,Unpaid,未缴费,ยังไม่ได้ชำระเงิน,Belum dibayar,Төлбөр төлөгдөөгүй,Не оплачено,未納,item,비용
납부완료,Đã thanh toán,Payment completed,已缴费,ชำระเงินแล้ว,Bayaran selesai,Төлбөр төлсөн,Оплачено,納付済み,item,비용
발열,Sốt,Fever,发热,มีไข้,Demam,Халуурах,Температура,発熱,item,건강
기침,Ho,Cough,咳嗽,ไอ,Batuk,Ханиалгах,Кашель,咳,item,건강
복통,Đau bụng,Stomachache,腹痛,ปวดท้อง,Sakit perut,Гэдэс өвдөх,Боль в животе,腹痛,item,건강
귀가조치,Cho về nhà,Sent home,送回家,ให้กลับบ้าน,Dihantar pulang,Гэрт нь буцаах,Отправить домой,帰宅措置,item,건강·안전
보건실,Phòng y tế,Health room,保健室,ห้องพยาบาล,Bilik kesihatan,Эрүүл мэндийн өрөө,Медицинский кабинет,保健室,item,건강
응급상황,Tình huống khẩn cấp,Emergency situation,紧急情况,สถานการณ์ฉุกเฉิน,Kecemasan,Яаралтай нөхцөл байдал,Чрезвычайная ситуация,緊急時,item,건강·안전
휴대전화 사용,Sử dụng điện thoại di động,Mobile phone use,使用手机,การใช้โทรศัพท์มือถือ,Penggunaan telefon bimbit,Гар утас ашиглах,Использование мобильного телефона,携帯電話の使用,item,생활지도
교내,Trong trường,On campus,校内,ในโรงเรียน,Dalam sekolah,Сургуулийн дотор,На территории школы,校内,item,장소
교외,Ngoài trường,Off campus,校外,นอกโรงเรียน,Luar sekolah,Сургуулийн гадна,Вне школы,校外,item,장소
분실,Mất đồ,Lost item,遗失,ของหาย,Barang hilang,Алдагдсан зүйл,Потеря,紛失,item,생활
습득물,Đồ nhặt được,Found item,拾得物,ของที่พบ,Barang dijumpai,Олдсон зүйл,Найденная вещь,拾得物,item,생활
금지,Cấm,Prohibited,禁止,ห้าม,Dilarang,Хориглоно,Запрещено,禁止,item,생활지도
유치원생,trẻ mẫu giáo,kindergartener,幼儿园学生,เด็กอนุบาล,kanak-kanak tadika,цэцэрлэгийн хүүхэд,воспитанник детского сада,幼稚園児,item,유아 단계
담임선생님,giáo viên chủ nhiệm,Homeroom teacher,班主任老师,คุณครูประจำชั้น,guru kelas,анги даасан багш,классный руководитель,担任の先生,recipient,학교 담당자 (담임교사 동의어)
참가 동의서,giấy đồng ý tham gia,Participation consent form,参加同意书,ใบยินยอมเข้าร่วม,borang izin penyertaan,оролцох зөвшөөрлийн маягт,согласие на участие,参加同意書,item,제출 서류
전교생,toàn thể học sinh,All students,全校学生,นักเรียนทั้งหมด,seluruh murid,бүх сурагч,все ученики школы,全校生徒,audience,학생 범주
시네마,rạp chiếu phim,Cinema,电影院,โรงภาพยนตร์,pawagam,кинотеатр,кинотеатр,映画館,item,장소
유성매직,bút dạ dầu,permanent marker,油性马克笔,ปากกาเมจิกน้ำมัน,pen marker minyak,тосон маркер,перманентный маркер,油性マーカー,item,준비물
클리어 화일,túi hồ sơ trong suốt,clear file folder,透明文件夹,แฟ้มใสกระจก,fail plastik lutsinar,тунгалаг хавтас,прозрачная папка-файл,クリアファイル,item,준비물
학습준비물,đồ dùng học tập,school supplies,学习用品,อุปกรณ์การเรียน,alatan pembelajaran,сургалтын хэрэгсэл,школьные принадлежности,学習用品,item,준비물
사인펜,bút lông,felt-tip pen,签字笔,ปากกาเมจิก,pen felt,фломастер,фломастер,サインペン,item,준비물
물감,màu vẽ,paint,颜料,สีระบาย,cat,будаг,краска,絵の具,item,준비물
수채화 물감,màu nước,watercolor paint,水彩颜料,สีน้ำ,cat air,усан будаг,акварельные краски,水彩絵の具,item,준비물
풍선,bóng bay,balloon,气球,ลูกโป่ง,belon,бөмбөлөг,воздушный шар,風船,item,준비물
붓,cọ vẽ,paintbrush,画笔,แปรงทาสี,berus cat,будгийн сойз,кисть для рисования,絵筆,item,준비물
찰흙,đất sét,clay,黏土,ดินเหนียว,tanah liat,шавар,глина,粘土,item,준비물
받아쓰기 공책,vở chính tả,dictation notebook,听写本,สมุดเขียนตามคำบอก,buku latihan ejaan,диктантын дэвтэр,тетрадь для диктантов,書き取りノート,item,준비물
부여,Buyeo,Buyeo,扶余,บูยอ,Buyeo,Буё,Пуё,扶余,item,충남 부여군 지명 - 번역 금지 음역
공주,Gongju,Gongju,公州,กงจู,Gongju,Гонжу,Конджу,公州,item,충남 공주시 지명 - 번역 금지 음역(공주님 오번역 방지)
서귀포,Seogwipo,Seogwipo,西归浦,ซอกวีโพ,Seogwipo,Согвипо,Согвипо,西帰浦,item,제주 서귀포시 지명 - 번역 금지 음역
목포,Mokpo,Mokpo,木浦,มกโป,Mokpo,Мокпо,Мокпо,木浦,item,전남 목포시 지명 - 번역 금지 음역
1박 2일간,1 đêm 2 ngày,1 night 2 days,1晚2天,1 คืน 2 วัน,1 malam 2 hari,1 шөнө 2 өдөр,1 ночь 2 дня,1泊2日,item,수학여행/현장체험학습 숙박 일정
도시락,hộp cơm,lunch box,便当,กล่องข้าว,bekas makanan,хоол хайрцаг,ланч-бокс,お弁当,item,NLLB 오번역 방지 - 학교 도시락
박람회,triển lãm,exhibition,展览会,นิทรรศการ,pameran,үзэсгэлэн,выставка,博覧会,item,행사 전시회 - NLLB 오번역 방지
진단서,giấy chứng nhận y tế,medical certificate,诊断书,ใบรับรองแพทย์,sijil perubatan,эмнэлгийн гэрчилгээ,медицинская справка,診断書,item,서류 - 의료
의견서,phiếu ý kiến,opinion form,意见书,แบบแสดงความคิดเห็น,borang pendapat,санал хуудас,форма обратной связи,意見書,item,서류 - 설문/의견
구비서류,hồ sơ cần chuẩn bị,required documents,所需文件,เอกสารที่ต้องเตรียม,dokumen yang diperlukan,шаардлагатай баримт бичиг,необходимые документы,必要書類,item,서류 - 제출 서류 묶음
검사지,phiếu kiểm tra,screening form,检查表,แบบฟอร์มตรวจสอบ,borang pemeriksaan,шалгалтын хуудас,опросник,検査用紙,item,서류 - 검진/설문
위임장,giấy ủy quyền,authorization form,委任书,หนังสือมอบอำนาจ,surat kuasa,итгэмжлэл,доверенность,委任状,item,서류 - 위임/대리
문진표,phiếu khám bệnh,health questionnaire,健康问卷,แบบสอบถามสุขภาพ,borang kesihatan,эрүүл мэндийн асуулга,анкета здоровья,問診票,item,서류 - 건강 문진
아동급식,hỗ trợ bữa ăn học sinh,child meal support,儿童餐食补贴,สนับสนุนอาหารกลางวันนักเรียน,sokongan makanan kanak-kanak,хүүхдийн хоол тэтгэмж,поддержка питания детей,給食支援,item,급식 - 저소득층 지원
우유급식,chương trình sữa học đường,school milk program,学校供奶计划,โครงการนมโรงเรียน,program susu sekolah,сургуулийн сүү хөтөлбөр,программа школьного молока,学校牛乳プログラム,item,급식 - 우유 지원
개인도시락,hộp cơm cá nhân,personal packed lunch,自备便当,กล่องข้าวส่วนตัว,bekal peribadi,өөрийн хоол,личный ланч-бокс,個人弁当,item,준비물 - 도시락
핫팩,túi sưởi tay,hand warmer,暖手包,ถุงความร้อน,pek penghangat tangan,гарын дулааны уут,грелка для рук,使い捨てカイロ,item,준비물 - 겨울
장갑,găng tay,gloves,手套,ถุงมือ,sarung tangan,бээлий,перчатки,手袋,item,준비물 - 겨울
목도리,khăn quàng cổ,scarf,围巾,ผ้าพันคอ,selendang,хүзүүвч,шарф,マフラー,item,준비물 - 겨울
두꺼운 외투,áo khoác dày,heavy coat,厚外套,เสื้อกันหนาวหนา,jaket tebal,зузаан цув,тёплое пальто,厚手のコート,item,준비물 - 겨울
교복,đồng phục học sinh,school uniform,校服,ชุดนักเรียน,pakaian seragam sekolah,сургуулийн дүрэмт хувцас,школьная форма,制服,item,의복
생활복,trang phục thường ngày,casual clothes,便服,ชุดสวมใส่ประจำวัน,pakaian biasa,өдөр тутмын хувцас,повседневная одежда,普段着,item,의복
운동화,giày thể thao,sneakers,运动鞋,รองเท้ากีฬา,kasut sukan,пүүз,кроссовки,スニーカー,item,준비물 - 신발
신발주머니,túi đựng giày,shoe bag,鞋袋,ถุงใส่รองเท้า,beg kasut,гутлын уут,мешок для обуви,上履き袋,item,준비물 - 가방류
선크림,kem chống nắng,sunscreen,防晒霜,ครีมกันแดด,krim pelindung matahari,нарнаас хамгаалах тос,солнцезащитный крем,日焼け止め,item,준비물 - 여름
물티슈,khăn ướt,wet wipes,湿纸巾,ทิชชู่เปียก,tisu basah,нойтон алчуур,влажные салфетки,ウェットティッシュ,item,준비물 - 위생
비상약,thuốc cấp cứu,emergency medicine,急救药品,ยาฉุกเฉิน,ubat kecemasan,яаралтай тусламжийн эм,лекарство первой помощи,常備薬,item,준비물 - 건강
단소,sáo truyền thống Hàn Quốc,Korean bamboo flute,韩国传统竹笛,ขลุ่ยไม้ไผ่เกาหลี,seruling tradisional Korea,Солонгос хулсан лимбэ,корейская бамбуковая флейта,短簫,item,준비물 - 악기
설문지,phiếu khảo sát,survey form,调查问卷,แบบสอบถาม,borang soal selidik,асуулга маягт,анкета,アンケート用紙,item,서류 - 설문
방과후학교비,học phí lớp sau giờ học,after-school program fee,课后班费用,ค่าธรรมเนียมชมรมหลังเรียน,yuran program selepas sekolah,цагаас хойшхи хичээлийн төлбөр,оплата внешкольного кружка,放課後教室費,item,비용 - 방과후
캠프비,phí trại,camp fee,营地费用,ค่าธรรมเนียมค่าย,yuran kem,кэмпийн төлбөр,стоимость лагеря,キャンプ費用,item,비용 - 캠프
늘봄교실,chương trình chăm sóc ngày dài,extended care program,全天托管教室,โปรแกรมดูแลแบบขยายเวลา,program penjagaan lanjutan,өргөтгөсөн үйлчилгээний анги,продлённый день,延長保育プログラム,item,프로그램 - 늘봄(2024년 정부 정책)
참가 신청서,phiếu đăng ký tham gia,participation application form,参加申请书,ใบสมัครเข้าร่วม,borang permohonan penyertaan,оролцоны өргөдлийн маягт,форма заявки на участие,参加申込書,item,서류 - 신청
가정통신문 회신서,phiếu trả lời thông báo,reply slip,回执单,ใบตอบรับ,slip balasan,хариуны хуудас,бланк ответа,返信票,item,서류 - 회신
개인정보 수집 및 이용 동의서,giấy đồng ý thu thập và sử dụng thông tin cá nhân,personal information consent form,个人信息收集及使用同意书,หนังสือยินยอมการเก็บและใช้ข้อมูลส่วนตัว,borang persetujuan pengumpulan maklumat peribadi,хувийн мэдээлэл цуглуулах зөвшөөрлийн маягт,форма согласия на сбор персональных данных,個人情報収集・利用同意書,item,서류 - 개인정보
제출 기한,hạn nộp,submission deadline,提交截止日期,วันสุดท้ายของการส่ง,tarikh akhir penyerahan,хүргэх эцсийн хугацаа,срок сдачи,提出期限,item,일정 - 마감
희망 여부,xác nhận mong muốn,preference confirmation,意愿确认,การยืนยันความต้องการ,pengesahan pilihan,хүслийн баталгаажуулалт,подтверждение пожелания,希望の確認,item,서류 - 희망조사
개인 준비물,đồ dùng cá nhân cần chuẩn bị,personal supplies,个人准备物品,อุปกรณ์ส่วนตัวที่ต้องเตรียม,bekalan peribadi,хувийн бэлтгэх зүйлс,личные принадлежности,個人の持ち物,item,준비물
간편한 복장,trang phục thoải mái,casual attire,轻便服装,ชุดสบาย,pakaian santai,тохилог хувцас,удобная одежда,動きやすい服装,item,준비물 - 복장
필기도구,dụng cụ viết,writing supplies,书写文具,อุปกรณ์การเขียน,alat tulis,бичгийн хэрэгсэл,письменные принадлежности,筆記用具,item,준비물 - 문구
싸인펜,bút lông,felt-tip pen,记号笔,ปากกาเมจิก,pen marker,фломастер,фломастер,サインペン,item,준비물 - 사인펜 동의어
풀,keo dán,glue,胶水,กาว,gam,цавуу,клей,のり,item,준비물 - 문구
집합 장소,điểm tập trung,assembly point,集合地点,จุดนัดหมาย,titik perhimpunan,цуглах газар,место сбора,集合場所,item,장소 - 집합
출발 시간,giờ xuất phát,departure time,出发时间,เวลาออกเดินทาง,masa berlepas,хөдлөх цаг,время отправления,出発時刻,item,시간 - 이동
도착 예정 시간,giờ dự kiến đến,estimated arrival time,预计到达时间,เวลาถึงโดยประมาณ,masa ketibaan anggaran,ирэх таамагласан цаг,расчётное время прибытия,到着予定時刻,item,시간 - 이동
우비,áo mưa,raincoat,雨衣,เสื้อกันฝน,baju hujan,бороонос цув,дождевик,レインコート,item,준비물 - 우천
학습지,phiếu bài tập,worksheet,学习单,ใบงานเรียน,lembaran kerja,хичээлийн дасгал хуудас,рабочий лист,学習プリント,item,학습 - 서류
활동지,phiếu hoạt động,activity sheet,活动单,ใบกิจกรรม,lembaran aktiviti,үйл ажиллагааны хуудас,лист заданий,活動プリント,item,학습 - 서류
소감문,bài cảm nhận,reflection essay,感想文,บทสะท้อนความคิด,esei refleksi,сэтгэгдэлийн эссэ,эссе-отзыв,感想文,item,학습 - 과제
QR코드,mã QR,QR code,二维码,รหัส QR,kod QR,QR код,QR-код,QRコード,item,신청 - 온라인
수련원,trại học ngoại khóa,training camp,研修中心,ค่ายฝึกอบรม,pusat latihan,дадлагын лагерь,учебный лагерь,研修センター,item,장소 - 수련
귀가 시간,giờ về nhà,return home time,回家时间,เวลากลับบ้าน,masa pulang,гэртээ харих цаг,время возвращения,帰宅時刻,item,시간 - 하교
집합 시간,giờ tập trung,assembly time,集合时间,เวลานัดพบ,masa perhimpunan,цуглах цаг,время сбора,集合時刻,item,시간 - 집합
납부 기한,hạn thanh toán,payment deadline,缴费截止日期,วันสุดท้ายชำระเงิน,tarikh akhir pembayaran,төлбөрийн эцсийн хугацаа,срок оплаты,納付期限,item,비용 - 마감
수요 조사,khảo sát nhu cầu,needs survey,需求调查,การสำรวจความต้องการ,kajian keperluan,хэрэгцээний судалгаа,опрос потребностей,需要調査,item,신청 - 조사
개인정보 제공 동의서,giấy đồng ý cung cấp thông tin cá nhân,personal information provision consent,个人信息提供同意书,หนังสือยินยอมเปิดเผยข้อมูลส่วนตัว,borang persetujuan perkongsian maklumat peribadi,хувийн мэдээлэл дамжуулах зөвшөөрлийн маягт,согласие на передачу персональных данных,個人情報提供同意書,item,서류 - 개인정보
보호자 동의서,giấy đồng ý của phụ huynh,guardian consent form,监护人同意书,หนังสือยินยอมจากผู้ปกครอง,borang kebenaran penjaga,асран хамгаалагчийн зөвшөөрлийн маягт,согласие родителей,保護者同意書,item,서류 - 동의
학부모 확인서,phiếu xác nhận của phụ huynh,parent confirmation form,家长确认书,แบบยืนยันผู้ปกครอง,borang pengesahan ibu bapa,эцэг эхийн баталгааны маягт,форма подтверждения родителей,保護者確認書,item,서류 - 확인
필수 준비물,đồ dùng cần thiết,required supplies,必备物品,อุปกรณ์จำเป็น,bekalan wajib,заавал бэлтгэх зүйлс,обязательные принадлежности,必携品,item,준비물
여벌 옷,quần áo thay,spare clothes,备用衣服,เสื้อผ้าสำรอง,pakaian ganti,нөөц хувцас,смена одежды,着替え,item,준비물 - 의복
여벌 마스크,khẩu trang dự phòng,spare mask,备用口罩,หน้ากากสำรอง,topeng muka ganti,нөөц маск,запасная маска,予備マスク,item,준비물 - 위생
수영복,đồ bơi,swimsuit,泳衣,ชุดว่ายน้ำ,baju renang,усны хувцас,купальный костюм,水着,item,준비물 - 수영
수영모,mũ bơi,swim cap,泳帽,หมวกว่ายน้ำ,topi renang,усны малгай,шапочка для плавания,水泳帽,item,준비물 - 수영
버스비,tiền xe buýt,bus fare,巴士费,ค่าโดยสารรถบัส,tambang bas,автобусны үнэ,плата за автобус,バス代,item,비용 - 교통
입장료,phí vào cửa,admission fee,入场费,ค่าเข้าชม,yuran masuk,орох төлбөр,плата за вход,入場料,item,비용
보험료,phí bảo hiểm,insurance fee,保险费,ค่าประกัน,premium insurans,даатгалын шимтгэл,страховой взнос,保険料,item,비용 - 보험
환불 신청,yêu cầu hoàn tiền,refund request,退款申请,การขอคืนเงิน,permohonan bayaran balik,буцаалтын хүсэлт,заявка на возврат,返金申請,item,서류 - 환불
건강 조사서,phiếu khảo sát sức khỏe,health survey form,健康调查表,แบบสำรวจสุขภาพ,borang tinjauan kesihatan,эрүүл мэндийн судалгааны маягт,анкета о состоянии здоровья,健康調査票,item,서류 - 건강
응급 연락처,số điện thoại khẩn cấp,emergency contact,紧急联系人,ข้อมูลติดต่อฉุกเฉิน,kenalan kecemasan,яаралтай холбоо барих,экстренный контакт,緊急連絡先,item,건강 - 응급
식품 알레르기,dị ứng thực phẩm,food allergy,食物过敏,อาการแพ้อาหาร,alergi makanan,хоолны харшлал,пищевая аллергия,食物アレルギー,item,건강 - 알레르기
전세버스,xe buýt thuê bao,charter bus,包车,รถบัสเช่าเหมา,bas sewaan,түрээсийн автобус,арендованный автобус,チャーターバス,item,이동 - 차량
수행평가,đánh giá thực hành,performance assessment,实践评价,การประเมินผลปฏิบัติ,penilaian prestasi,гүйцэтгэлийн үнэлгээ,практическая оценка,パフォーマンス評価,item,학습 - 평가
단원평가,kiểm tra đơn vị,unit test,单元测验,การทดสอบหน่วย,ujian unit,нэгжийн шалгалт,контрольная по разделу,単元テスト,item,학습 - 평가
체험 보고서,báo cáo trải nghiệm,experience report,体验报告,รายงานประสบการณ์,laporan pengalaman,туршлагын тайлан,отчёт о практике,体験レポート,item,학습 - 과제
하교 시간,giờ tan trường,dismissal time,放学时间,เวลาเลิกเรียน,masa balik sekolah,тарах цаг,время окончания занятий,下校時刻,item,일정 - 하교
학생 건강검진,kiểm tra sức khỏe học sinh,student health checkup,学生健康检查,การตรวจสุขภาพนักเรียน,pemeriksaan kesihatan pelajar,сурагчийн эрүүл мэндийн үзлэг,медосмотр учащихся,生徒健康診断,item,건강 - 검진
상담 시간,giờ tư vấn,consultation hours,咨询时간,เวลาให้คำปรึกษา,waktu kaunseling,зөвлөгөөний цаг,время консультации,相談時間,item,일정 - 상담
급식 신청서,đơn đăng ký bữa ăn,school lunch application form,餐食申请表,ใบสมัครอาหารกลางวัน,borang permohonan makan,хоолны бүртгэлийн маягт,заявление на питание,給食申込書,item,서류 - 급식
현장체험학습 참가 신청서,đơn đăng ký tham gia học trải nghiệm,field trip participation form,校外体验活动参加申请表,ใบสมัครเข้าร่วมทัศนศึกษา,borang permohonan lawatan sambil belajar,сургалтын аялалд бүртгүүлэх маягт,заявка на участие в учебной экскурсии,校外学習参加申込書,item,서류 - 체험학습
수학여행 참가 신청서,đơn đăng ký tham gia du học,school trip participation form,修学旅行参加申请表,ใบสมัครเข้าร่วมทัศนศึกษา,borang permohonan lawatan sekolah,сургалтын аяллын бүртгэлийн маягт,заявка на участие в школьной поездке,修学旅行参加申込書,item,서류 - 수학여행
농촌유학 참가 신청서,đơn đăng ký học ở nông thôn,rural study program application form,农村留学参加申请表,ใบสมัครโครงการเรียนชนบท,borang permohonan program luar bandar,хөдөө суралцах хөтөлбөрт бүртгэлийн маягт,заявка на участие в сельской программе,農村留学参加申込書,item,서류 - 농촌유학
봉사활동 확인서,giấy xác nhận hoạt động tình nguyện,volunteer activity certificate,志愿活动确认书,ใบยืนยันกิจกรรมจิตอาสา,sijil aktiviti sukarela,сайн дурын үйл ажиллагааны гэрчилгээ,справка об общественной деятельности,ボランティア活動証明書,item,서류 - 봉사
등교 시간,giờ đến trường,school arrival time,到校时间,เวลามาโรงเรียน,waktu tiba ke sekolah,сургуульд ирэх цаг,время прихода в школу,登校時間,item,일정 - 등교
학생 구강검진,kiểm tra răng miệng học sinh,student dental checkup,学生口腔检查,การตรวจช่องปากนักเรียน,pemeriksaan gigi pelajar,сурагчийн шүдний үзлэг,стоматологический осмотр учащихся,生徒口腔検診,item,건강 - 검진
예방접종 안내문,thông báo tiêm chủng,vaccination notice,疫苗接种通知,หนังสือแจ้งการฉีดวัคซีน,notis vaksinasi,дархлаажуулалтын мэдэгдэл,уведомление о вакцинации,予防接種のお知らせ,item,서류 - 건강
스쿨뱅킹 자동이체,chuyển khoản tự động School Banking,School Banking auto-transfer,School Banking自动转账,School Banking ตัดเงินอัตโนมัติ,pemindahan automatik School Banking,Сургуулийн банкны автоматаар шилжүүлэг,Автоперевод School Banking,スクールバンキング自動振替,item,비용 - 납부
출석인정 결석,vắng mặt được chấp nhận,excused absence,认定缺勤,การขาดเรียนที่ได้รับการยอมรับ,ketidakhadiran yang dibenarkan,зөвшөөрөгдсөн хоцрогдол,уважительный пропуск,出席認定欠席,item,출결 - 결석
학생 생활지도,hướng dẫn sinh hoạt học sinh,student guidance,学生生活指导,การแนะแนวนักเรียน,bimbingan kehidupan pelajar,сурагчийн амьдралын зөвлөгөө,воспитательная работа с учащимися,生活指導,item,생활지도
학교급식 설문지,phiếu khảo sát bữa ăn trường học,school lunch survey,学校供餐调查问卷,แบบสอบถามอาหารกลางวัน,borang soal selidik makan sekolah,сургуулийн хоолны судалгааны маягт,анкета о школьном питании,学校給食アンケート,item,서류 - 급식
교재 재료비,tiền tài liệu và vật liệu,textbook and material fee,教材材料费,ค่าตำราและวัสดุ,yuran buku teks dan bahan,сурах бичиг материалын төлбөр,оплата учебников и материалов,教材・材料費,item,비용 - 교육
